<?xml version="1.0" encoding="UTF-8"?>
<beans xmlns="http://www.springframework.org/schema/beans"
	xmlns:xsi="http://www.w3.org/2001/XMLSchema-instance" xmlns:aop="http://www.springframework.org/schema/aop"
	xmlns:tx="http://www.springframework.org/schema/tx"
    xmlns:context="http://www.springframework.org/schema/context"
	xsi:schemaLocation="http://www.springframework.org/schema/beans
http://www.springframework.org/schema/beans/spring-beans-3.0.xsd
http://www.springframework.org/schema/aop
http://www.springframework.org/schema/aop/spring-aop-3.0.xsd
http://www.springframework.org/schema/tx
http://www.springframework.org/schema/tx/spring-tx-3.0.xsd
http://www.springframework.org/schema/context
http://www.springframework.org/schema/context/spring-context-3.0.xsd" >

 
	<bean id="calculateurImpl" class="tp.service.CalculateurImpl" >
	   <!-- <property name="daoXy" ref="daoXyV1" /> -->
	</bean> 
	
	<bean id="myRemoteLoggerImpl" class="tp.service.MyRemoteLoggerImpl" >
	   <!-- <property name="daoXy" ref="daoXyV1" /> -->
	</bean> 
	
	<bean id="myRemoteCallbackImpl" class="tp.callback.MyRemoteCallbackImpl" />

	<!-- 
	 <context:annotation-config/>  	
	<context:component-scan base-package="org.mycontrib.generic"/>
	<context:component-scan base-package="tp.service"/>
	-->
	

</beans>